song,artist
Honda,Grillabeats
lozer,TYNAN
Black Out Days - Subtronics Remix,Phantogram Subtronics
8 Legged Dreams,Unlike Pluto
Clint Eastwood,Gorillaz
Pantheon of Plague,Somnium Sound
Mercy,Bossfight F.O.O.L
The Uncertain Future,Esseks
The Clockmaker,Vexare
Disgrace,Oddprophet
Heroes,Nonsens
Chroma Control,Devath
Pretty Much,Ray Volpe
Cheat Codes,Nitro Fun
Hurricane,Fytch
Promise,Fytch
Toxin,Rezz
Crispin Bad Boy,SUB-human
Unit 731,KROWW
Time Machine - Antima Remix,Various Artists
Dance Of The Umbra,kuatari
Shelter Soul,kuatari
Flare Brigade,kuatari
Spectral Clockwork,kuatari
Barbaric,MVRDA
Death Track,Ecraze
New Hope,Graphyt
Roses,Deon Custom
Couped Up,Kill Paris
Data Loss,JKuch Adam Tell
Levitate,Fytch
Existentia,FWLR
R U Afraid,HVDES
OD,Doctor P KOOLKID
Two Minds,Kill Paris
I'm Outside,STAR SEED
Traveller,Melano
SUB ZERO,Just A Gent
Radiate,Fytch
Shapes,L D R U
Back 2 U,Droptek
Old School,XaeboR
TEKITO,Grillabeats
Mercy,Leotrix
Dying To Know You,Grabbitz
Into Pieces (feat. Grabbitz),Subtronics
Pain Killer,Grabbitz
Ektarfa,King
Uncomfortable,Effin
FUKWITME,Disciple Round Table
MOORG - VIP,Disciple Round Table
Back To Basics,Staysick
Bahebe - PLSMA Remix,Dirty Audio Leotrix
Bahebe - GAWM Remix,Dirty Audio Leotrix
Gacked,Leotrix
Collapse,Leotrix
wake up,Just A Gent Rando broke
Distracted (feat. Decent at Best),RCKT PWR
How it is,Malaa
IDK What To Call This,Disciple Round Table
Fool,Disciple Round Table
Locust - VIP,Skrude
SLEEP PARALYSIS,Izzy Vadim
Low Dive,Various Artists
Exist (feat. Shape),Space Jesus
Our Future,Space Jesus
Driver's Ed,Space Jesus
Angel Style,SVDDEN DEATH Somnium Sound
Inflict,Perry Wayne
M. Night Shambhala,Space Jesus
The Mahabharata,Space Jesus
Open Ur Mind,Dack Janiels
Sea Shanty,Aweminus
Clear,TVBOO Runnit
Kneel Before Me,SLANDER Crankdat
Danger,Wubbaduck
Judgemental,Esseks
Bone Saw,Decimate
Gatekeeper,TRVCY
Field Splitter,Disciple Round Table
Race Against Time - NUU$HI Remix,Ray Volpe
Dancing In The Rain,NUU$HI
Space Groove,NUU$HI
Tsubaki,NUU$HI
Fairy Tale,NUU$HI
BADBOI,Disciple Round Table
Deserted - Infekt Remix,Yuki INFEKT Help7
Joker,INFEKT
Red Planet,INFEKT
Sectumsempra,INFEKT
Trigger,INFEKT
Alive,Disciple Round Table
Hunted,Disciple Round Table
Task Failed,Disciple Round Table
Headflush,Disciple Round Table
Dance Off,INFEKT
BADBOI,XaeboR
Sympathy,Kitri
Frostmourne - Perma-Trip Remix,Fayte
Katon,Fayte
Frostmourne,Fayte
Dream Whirled,Space Jesus Esseks
Swamp Lord,Esseks
Don' Bite Me,Space Jesus Esseks
Professor Genius,Space Jesus Esseks
Watching From A Distance,Esseks
Lullaby,Subtronics
The Feeling,Crankdat Ace Aura
Ramen,Grillabeats
Sticks,Esseks
Skies of Fire,OmegaMode
Gravity,SLANDER Subtronics JT Roach
Phunky Beats,Ephwurd
Gorgon,Skrude
Aztec - Original Mix,Blanco
Dystopia,Pixel Terror JayKode
Die For You,VALORANT Grabbitz
Pain Killer,Grabbitz
Stomper,Point.Blank
Water Bass,Neonix
let it go,Somnium Sound
Shimmer - Original Mix,Dec3mber
Bloomkeeper,Somnium Sound
Catwalk,I7
Take Flight,Sullivan King Subtronics
House Party,Marshmello
Embrace Me,TRVCY
Waver,Somnium Sound
Gunshots,Dr. Ushūu
Shooting Stars,"Dec3mber, Tryple Dec3mber Tryple"
Alyssum,DKKAY
POLARYS12,Nosphere
Death Call,Blaize
Face Slam,Soltan
Head Splitter,Getter
Romantic Story,Trinergy
Begin New,Leotrix
Cheeseburger - Phiso Remix,Space Laces
Smother Shit,Herobust
Shortbus - G-Space Remix,Esseks
Score - Killin' Void Remix,Various Artists
Experience Points,Chime
Coconuts,Shanghai Doom
Cocaine Inside My Blunts - Original mix,Various Artists
HIGH VIBRATIONS,LSDREAM
Drift,Moore Kismet Bajillionaire
A Little Bit Goes a Long Way,Yheti
Alien Blaster,Leotrix
It's Fucking Dubstep,Bear Grillz
Levitate,Rezz
Griztronics II (Another Level),GRiZ Subtronics
Sunsets,Borgore
Noise (feat. Donnis),Bassnectar
Dirt Heater Tea,Herobust
Lone Wolf - Oliverse Remix,Zomboy
Stories,Esseks
Slomosapian - Yheti Remix,Space Jesus Esseks
Pigeon Toes,Esseks
Outsiders,Shanghai Doom Runnit
Soul Stone,Esseks Shanghai Doom
天照大神,Grillabeats
Samurai,Grillabeats
Sumo,Grillabeats
Kimasu,Grillabeats
Divide & Conquer,What So Not
Nuclear Bass Face,NGHTMRE Subtronics Boogie T
Griztronics,GRiZ
Loca,Spag Heddy
Revenger,F.O.O.L
Criminals,F.O.O.L
CHAOS,MUST DIE!
Clockwork,Subtronics
Shut 'Em Down,SVDDEN DEATH YAKZ
Surrender,SVDDEN DEATH
Bleed,SVDDEN DEATH
Brainstorm,SVDDEN DEATH
Crusade,Marshmello SVDDEN DEATH
Dr. Boy Ball,Various Artists
Melt Ur Brain,Subtronics
Bunker Buster,Excision Subtronics
GodLovesUgly - Remix,Atmosphere Zeds Dead Subtronics
Flemoids,Aweminus
Se7en,Various Artists
String Theory,Subtronics
Blastin,Subtronics
Rage,Subtronics
Shock Value,Subtronics
Gyroscope,Subtronics
Glitch Fight,Subtronics
Hit Em,Subtronics
Tresspasser,Subtronics
Pigs In The Sky,Grabbitz
At Night,3LAU Shaun Frank Grabbitz
Darkstar (feat. Travis Barker & Liinks),Datsik
Let 'em Know (feat. Armanni Reign),Datsik
All Or Nothing,Datsik
Athena,Datsik
Closer To The Sun,Datsik
Tantrum (feat. Trinidad James),Datsik
Freakuency,Datsik
Ronin Riddim,Datsik
GOAT,Virtual Riot
Scum,Datsik
Rolls Royce,Tisoki Grabbitz
You've Changed,Datsik
Redemption (feat. Excision),Datsik
Dead To Me - Original Mix,Fraxo Whales
Gravity,Datsik
Fly Low (feat. Lox Chatterbox),Datsik
Sensei,Datsik
Bad Behavior (feat. T.Rabb),Datsik
Find Me (feat. Excision & Dion Timmer),Datsik
Boombox,Dirtyphonics
STREET,NGHTMRE
Reptile's Theme,Skrillex
Destroy Them With Lazers,Knife Party
Doomsday Machine,Far Too Loud
Holy Mantle,RAVVA
YOSHI,Blaize Big N Slim
Give It to Me,Tut Tut Child
Crank Up The Dank,Gammer Stonebank
Heat Wave,Tony Romera
The Edge,Grant Nevve
Life & Death,Stonebank
Collapse,Pixel Terror neverwaves
SICK FLOW,REAPER
OBLIVION,REAPER
Flow,Slippy
Own Me,Slippy
Motorboat,SubDocta
Torqued,SubDocta
SAWTOOTH,REAPER
Booty Wobble,SubDocta
These Walls,Conrank Charmae
Be Alone,Diskord JVST SAY YES
VII,I7
Smoke Bomb,Datsik
Abrasive,XaeboR
Lost Boy,HOL!
Release Yourself,Ganon
Skull Kid,MUST DIE!
Alien,Dodge & Fuski Virtual Riot
Better,Spag Heddy
Swangin,Dack Janiels
Pastanistan Express,Spag Heddy
Sirens Over Paris,Fytch
Front To Back,Buku
The Exorcist,Figure
Pink Koeks,Spag Heddy
Someone Else,Rezz Grabbitz
All Alone,Pegboard Nerds Grabbitz
Reddy The Throne,Various Artists
Head Top,Kompany Virus Syndicate
F**k Off,Various Artists
Rude Boy,Zeds Dead
Hysteria,REAPER Awoltalk
Angel Portal - Akeos Version,Akeos I7
2DEEP2GOBACK,I7
지루한 (Bored),I7
E-CO,I7
Don't Stop,Various Artists
Detroit Smash,Various Artists
Vapelord,Various Artists
Art,Various Artists
Alyx,Fayte
Pump This,XaeboR
2spooky4riddim 2019,Fayte
STOMP,SNAILS
Step Two,LAXX
Roughhousin,Mr. Bill Esseks
Insomnia,Tryple
Flesh,Various Artists
Glass Heart,Daeya
Queue Tip,Hukae
PROJECT 98,HOL!
Dead Horse (Just A Beat),Aweminus
Substance Abuse,Dodge & Fuski
Step One,LAXX
Gem Shards,MUST DIE!
I Can't Stop,Flux Pavilion
Eskimo,Various Artists
Heat,Slimez
Let It Burn,Datsik
Me and You,Champagne Drip Luci
Bang Bazzar (feat. Gravity),Soltan
Immortals,Bainbridge
Simple Hit,Dombresky
Nova Machine,MUST DIE!
Warp Drive,Subtronics
The Devils,INHUMAN
Das Riddim,INFEKT Virtual Riot
ETERNAL NOW,LSDREAM
Deviance - Dirtyphonics Remix,Excision
Kabul,Various Artists
Rude Boys,Ganon HOL!
COSMIC SUB,Various Artists
The Other Side Of Paradise,Glass Animals
Jaded,Drezo
Youth,Glass Animals
Punk,HOL!
No Option (feat. Burna Boy),DJ Snake
Sweet Memories,CID Kaskade
Final Fantasy - Original Mix,AC Slater
Kurupt,Tchami Malaa
Heart Break - Leotrix Remix,Moody Good SLANDER Leotrix
Wicked,Bear Grillz
TOKYO ~「東京」,Moore Kismet
Hurt,Oliver Tree
When I'm Down,Whethan Oliver Tree
Are You Ready,Bear Grillz
WONKAHOLIC,Monxx
Astrowonk,Monxx
11,Mighty Duck
On Da Bloqq,RAVVA
Firaga,Midnight Tyrannosaurus
Tensor Field,Skrude
Error Bass,Cromatik
Spider Bytes 2.0,Paix Madcore
Rewind,Effin
Welcome To Heck,UBUR
Billz,Bandlez
Arrakiss,JOOL
Welcome To The Fire - MONXX Remix,SLANDER Sullivan King
Skin,Rome in Silver
Pacman Bullshit,Aweminus
Champagne,Ganja White Night
Bulletproof,Doctor P
Flying Spaghetti Monster,Doctor P
Knockout,INFEKT
Giant Sqiddim VIP - MONXX VIP,Herobust Monxx
Mr. Muscles,SVDDEN DEATH
Fade,Rome in Silver
Leech Beam,INFEKT
Phoenix,Frequensphere
Boombox,INFEKT
Hit Em,Izzy Vadim
Clear,TVBOO Runnit
Knock Knock,Chibs
Soundwave,Somnium Sound
Climate,underscores Who Came After
Treason,Spock KANAAN
Castles,SVDDEN DEATH
FRWRD,Virus Syndicate Oliverse
Wobble Master,Ganja White Night
Slice,Oolacile
Dig It,Wubbaduck
Dasnice,Amoons Jub
T-Shirt,Migos
No Complaints (feat. Offset & Drake) (Bonus),Metro Boomin 21 Savage
Zam,Chibs
Ribbit,12th Planet Monxx
Unholy,Various Artists
1v1,Dr. Ozi
R28D,Various Artists
Into Pieces,INFEKT
Scions - Original Mix,Odio Records
Golden Haze,Detious Music
Shooting Stars,EH!DE
The Rail,Excision
Warrior,E.Y. Beats Godmode
Sober,Slushii Kaivon
Thermal Expansion,Subtronics
Glock Dance,INFEKT
Alone - Sullivan King Remix,Kayzo Our Last Night
Turbo Dab,Monxx
Pack A Punch,Crankdat
Hot Box,Blunts & Blondes
Dragonhawks,Various Artists
Some Way,NAV
Masterpiece,Somnium Sound
Back on My Bullshit,Subject 31
UJ,Hukae
Jurassic,Eptic
Divisions,Oolacile
KARATE CHOP,HOL!
Karate,Chibs
Dead Of Night,Zeds Dead
Lift You Up - Blunts & Blondes Remix,Zeds Dead Delta Heavy Blunts & Blondes
After All,Kai Wachi Fytch
Fxck Around,Krimer
Red Alert,JayKode SubDocta
"WHATS POPPIN (feat. DaBaby, Tory Lanez & Lil Wayne) - Remix",Jack Harlow Tory Lanez
Lemonade,Internet Money Gunna Don Toliver
Gargoyles,Dodge & Fuski Terravita
Legit Business,Izzy Vadim
Sidewalks,The Weeknd
On The Come Up (feat. Big Sean),Mike WiLL Made-It
HEADHUNTER,REAPER
Turks (feat. Travis Scott),NAV Gunna
Want Beef,Chibs
Hold Tight,Somnium Sound
Watating,Neonix
Propane,Eptic
Get Up,XaeboR
I Do The Most (feat. Lil Keed) - BIJOU Remix,WHIPPED CREAM
Kush,Night Bass
Navigator,AC Slater Curbi
Back To Funk,Shiba San
LFO,Noizu
Lost In Amsterdam (feat. Eskeemo),MÖWE Jonasu Eskeemo
Dolce,CID
Cocaine Model,ZHU
Magic,Jauz Marshmello
Lonely Roads,Fytch Paradym
Vex Oh (feat. Eight9FLY),KAYTRANADA
Crash & Burn - Moore Kismet Remix,PhaseOne
Overdrive,Space Laces
Stay,Ghastly Micah Martin
Synesthesia,Kleavr x Tantrum
Time Stood Still,Excision Dion Timmer
WALK IN THE PARK,Jack Harlow
Codeine (feat. Gunna),NAV
God's Plan,Drake
Creamo,Chibs Monxx
Spookfest,Wubbaduck
Killjoy,Hukae
Jotaro,Various Artists
Warrior,Automhate
The French Savage,Various Artists
Dark Matter,VAMPA
Sabotage,PsoGnar
PHOTON DRILL,Daeya
Chasing Paper,Brondo
It's Me,Spag Heddy
Ratatata,Borgore ETC!ETC! SNC
Seer,The Brig
Candy Flip,Slushii
ON FIRE,JOYRYDE
Thief - Flux Pavilion Remix,Ookay
In Your Head - RL Grime Edit,G Jones RL Grime
Days Like This (feat. Khalid),GoldLink
MOTW,Gunna
11:25,NITTI
Born Again,Tchami
The G.O.A.T.,Oliver Heldens Mesto
Moments,Gentlemens Club
Dolphin Flex,Megalodon
Danger,SYN
You Know,The Brig
TIME - Alison Wonderland x QUIX,Alison Wonderland QUIX
Gimme A Break,Spag Heddy
Area 51,Faytal Joof
Birdsong,Claptone
Diamonds,Malaa
Party Monster,The Weeknd
Villain,Spock
Toxicity,L.U.X
DFR,Dillon Francis
Under Control (feat. Hurts),Calvin Harris
Evil As Hell,Tisoki
Vengeance,Dr. Ozi Chime
Adieu,Tchami
You Do You,Dillon Francis BabyJake
Midnight (feat. Liam Payne) (Jack Wins Remix),Alesso Liam Payne Jack Wins
ONLY,ZHU Tinashe
In The Morning,ZHU
2KFO (Subtronics Remix),Boogie T
Neon Eyes,Geoxor
Dakara,Panda Eyes
Gloom,Geoxor
After Life (feat. Stacy Barthe),Tchami
Touch,Dillon Francis BabyJake
Proud (feat. Daecolm),Tchami
Anywhere (feat. Will Heard),Dillon Francis
Higher Love,Kygo
My Life,ZHU
Summer 99,Tchami Malaa
Rainforest (Valentino Khan Remix),Tchami Valentino Khan
Kurupt,Tchami Malaa
Prophecy,Tchami Malaa
Dark Heart Surgery,Ganja White Night
Don't,Bryson Tiller
Nightmare (feat. rx Soul),Bear Grillz
Destroy all humans,EH!DE
Escape - VIP,Moore Kismet
Behemoth,SVDDEN DEATH
Double Jump,Chime
Bound,Nanomake
Triforce,BARELY ALIVE Panda Eyes Virtual Riot
Lizard Man,Monxx
Flex,XaeboR
Suga (Tyro Remix),Walter Wilde
Preset Junkies,Virtual Riot
Confusion Spell,SVDDEN DEATH
Chipiez Deeper,Leotrix
Cabbage,Effin
Seismic Toss,Various Artists
Merciless,XaeboR
Legacy,Who Came After
Flow,XaeboR
Execute,Automhate
Bad Dreams,Decimate Jkyl & Hyde
Close Combat,Phiso
Carnage,Trinergy
Hellcat,Desmeon
DEVASTATED,Joey Bada$$
Run Away,Ray Volpe
El Dinero,Ablaze
IT’S OK (feat. Kozze),Tisoki
Samir,Spag Heddy
All In My Head,Klutch
Break Free,Teminite
Your Money,EH!DE
Genesis,Evilnoiz
For Whom the Bell Tolls,Wubbaduck
Obsessed,MIDNIGHT CVLT The Brig
Moon Love,Boombox Cartel Nessly
Scream Saver,Subtronics
Miracle,IVORY
Over Those,Dr. Ozi
Monsta!,Wubbaduck
Come Dance,Nanomake
Biohazard,XaeboR
JustYourSoul - Tchami Remix,Valentino Khan Diplo Tchami
Overrated,Tremorr
Chip Chip,Various Artists
Last One,Omar Varela
Bowsette,Punyaso
Power,Gohma
All My Demons,Kai Wachi
Dreams & Nightmares - VIP,Graphyt Ecraze
Buenos Aires,Tchami
Nock Em,Bossfight
Wook Wobble,Various Artists
Tendo,INFEKT
Waking Up,Wubbaduck
Double O 7,Jphelpz
Lazy Cat - Original Mix,JOOL
Kyoto Funk,Bandlez
Save Your Tears,The Weeknd
Oprah's Bank Account (Lil Yachty & DaBaby feat. Drake),Lil Yachty
DO BETTER,Gunna
Freaky,Tory Lanez
Space Clouds - Original Mix,EH!DE
Future Pt 2,DJ Snake
Before I,XaeboR
Lies,Wubbaduck
Nagual,Nanomake
LVL UP,XaeboR
Revolt,Malaa
Anita,Smino
TOP FLOOR (feat. Travis Scott),Gunna
High Fashion (feat. Mustard),Roddy Ricch
Cartoon,Various Artists
Bounce Back,Big Sean
Whole Lotta Lovin',Mustard Travis Scott
LOYAL (feat. Drake),PARTYNEXTDOOR
Crew (feat. Brent Faiyaz & Shy Glizzy),GoldLink
Fake Love,Drake
After Hours,The Weeknd
Sky Walker (feat. Travis Scott),Miguel
Sacrifices,Big Sean
Exchange,Bryson Tiller
Owe Me,Big Sean
Living Single,Big Sean
Die For You,The Weeknd
